
INSERT INTO referencedata.supervisory_nodes (id, code, name, facilityid, parentid) VALUES (
'6cf75e80-6405-458c-b49f-001e81411c94', 'FR1', 'Point d''approbation centrale commandes programmes palu FRPS Adamaoua', 'c3c0263f-b671-4e5e-999d-f02ed290cd7b', null
),
('7cf75e10-6405-458c-b49f-001e81411c89', 'FR1.1', 'Sous-point d''approbation commandes programmes palu FRPS Adamaoua', 'c3c0263f-b671-4e5e-999d-f02ed290cd7b', '6cf75e80-6405-458c-b49f-001e81411c94'),
('8cf76e80-6405-458c-b49f-001e81411c77', 'FR1.2', 'Sous-point d''approbation commandes programmes palu FRPS Adamaoua 2', 'c3c0263f-b671-4e5e-999d-f02ed290cd7b', '6cf75e80-6405-458c-b49f-001e81411c94'),

('9cf76e20-6405-458c-b49f-001e81411c74', 'FR2', 'Point d''approbation centrale commandes programmes palu FRPS Centre', 'b00b1291-1da2-4807-bbe1-381c0ef61322', null),
('1cf76e30-6405-458c-b49f-001e81411c82', 'FR2.1', 'Sous-point d''approbation centrale commandes programmes palu FRPS Centre', 'b00b1291-1da2-4807-bbe1-381c0ef61322', '9cf76e20-6405-458c-b49f-001e81411c74'),
('2cf76e30-6405-458c-b49f-001e81411c36', 'FR2.2', 'Sous-point d''approbation centrale commandes programmes palu FRPS Centre 2', 'b00b1291-1da2-4807-bbe1-381c0ef61322', '9cf76e20-6405-458c-b49f-001e81411c74'),

('8cf76e33-6405-458c-b49f-001e81478c70', 'FOSA1', 'Point d''approbation centrale commandes programmes palu Ako District Hospital', '864257ce-d200-44b7-8b65-3b286c6931df', null),
('3cf76e10-6405-458c-b41f-001e81411c72', 'FOSA1.1', 'Sous-point d''approbation centrale commandes programmes palu Ako District Hospital', '864257ce-d200-44b7-8b65-3b286c6931df', '8cf76e33-6405-458c-b49f-001e81478c70'),
('5cf76e37-6405-458c-b47f-001e81411c22', 'FOSA1.2', 'Sous-point d''approbation centrale commandes programmes palu Ako District Hospital 2', '864257ce-d200-44b7-8b65-3b286c6931df', '8cf76e33-6405-458c-b49f-001e81478c70'),

('8cf76e08-6405-778c-b49f-001e81478c04', 'FOSA2', 'Point d''approbation centrale commandes programmes palu Akwaya District Hospital', '97b42fd8-b0a1-41fd-8f75-b576203485a1', null),
('3cf76e10-6405-458c-b41f-001e81411c09', 'FOSA2.1', 'Sous-point d''approbation centrale commandes programmes palu Akwaya District Hospital', '97b42fd8-b0a1-41fd-8f75-b576203485a1', '8cf76e08-6405-778c-b49f-001e81478c04'),
('5cf76e07-6405-458c-b47f-001e81411c23', 'FOSA2.2', 'Sous-point d''approbation centrale commandes programmes palu Akwaya District Hospital 2', '97b42fd8-b0a1-41fd-8f75-b576203485a1', '8cf76e08-6405-778c-b49f-001e81478c04'),

('8af76e08-6405-778c-b49f-001e81478c02', 'FOSA3', 'Point d''approbation centrale commandes programmes palu Azire Integrated Health Centre', '19f99865-defa-4161-9389-7ef231bcd626', null),
('3ef76e10-6405-458c-b42f-001e81411c01', 'FOSA3.1', 'Sous-point d''approbation centrale commandes programmes palu Azire Integrated Health Centre', '19f99865-defa-4161-9389-7ef231bcd626', '8af76e08-6405-778c-b49f-001e81478c02'),
('5cf76e97-6405-458c-b47f-002e81411c20', 'FOSA3.2', 'Sous-point d''approbation centrale commandes programmes palu Azire Integrated Health Centre 2', '19f99865-defa-4161-9389-7ef231bcd626', '8af76e08-6405-778c-b49f-001e81478c02'),

('7bf76e02-6405-778c-b49f-001e81222c09', 'FOSA4', 'Point d''approbation centrale commandes programmes palu Bafmeng Medicalised Health centre', 'bfd37f57-29a5-4e40-87b2-874d228581c4', null),
('6bf76e32-6404-778c-b49f-001e82145c05', 'FOSA4.1', 'Sous-point d''approbation centrale commandes programmes palu Bafmeng Medicalised Health centre', 'bfd37f57-29a5-4e40-87b2-874d228581c4', '7bf76e02-6405-778c-b49f-001e81222c09'),
('6bf76e06-6405-778c-b49f-001e82544c08', 'FOSA4.2', 'Sous-point d''approbation centrale commandes programmes palu Bafmeng Medicalised Health centre 2', 'bfd37f57-29a5-4e40-87b2-874d228581c4', '7bf76e02-6405-778c-b49f-001e81222c09'),

('7df72e02-7775-778c-b49f-001e81400d77', 'CE1', 'Point d''approbation centrale commandes programmes palu CENAME', '76bfd0ec-55c2-4d1b-87c9-97e978b3c6b5', null),
('5df72e55-7525-778c-b49f-001e81470d11', 'CE1.1', 'Sous-point d''approbation centrale commandes programmes palu CENAME', '76bfd0ec-55c2-4d1b-87c9-97e978b3c6b5', '7df72e02-7775-778c-b49f-001e81400d77'),
('7df72e02-6365-778c-b49f-001e81451d58', 'CE1.2', 'Sous-point d''approbation centrale commandes programmes palu CENAME 2', '76bfd0ec-55c2-4d1b-87c9-97e978b3c6b5', '7df72e02-7775-778c-b49f-001e81400d77');

INSERT INTO referencedata.requisition_groups (id, code, description, name, supervisorynodeid) VALUES (
'e5077535-4cef-45ae-a01c-99c1be8829fa', 'GRP1A', '', 'commandes produits programme palu FRPS Adamaoua', '6cf75e80-6405-458c-b49f-001e81411c94'
),
('dc0c57d8-2930-4ffe-951a-16aee0353e93', 'GRP2A', '', 'commandes produits programme palu FRPS Centre', '9cf76e20-6405-458c-b49f-001e81411c74'),
('ad0c99d8-1421-4ffe-951a-16aee0789e00', 'GRP3A', '', 'commandes produits programme palu CENAME', '7df72e02-7775-778c-b49f-001e81400d77');

INSERT INTO referencedata.requisition_group_program_schedules(id, directdelivery, processingscheduleid, programid, requisitiongroupid) VALUES (
'b0cac3da-3b65-4d3b-a1ec-e438a6774bad', true, '569dc468-07fc-4b7b-983c-dd243cd650b2', '612fb7b7-e5bf-4de6-8f9b-313961dea46e', 'e5077535-4cef-45ae-a01c-99c1be8829fa'
),
('47449ae0-e114-4d3d-aaff-7a17badd55b1', true, '569dc468-07fc-4b7b-983c-dd243cd650b2', '612fb7b7-e5bf-4de6-8f9b-313961dea46e', 'dc0c57d8-2930-4ffe-951a-16aee0353e93'),
('52655b11-7ed0-48bc-bec2-a91999011b20', true, '569dc468-07fc-4b7b-983c-dd243cd650b2', '612fb7b7-e5bf-4de6-8f9b-313961dea46e', 'ad0c99d8-1421-4ffe-951a-16aee0789e00');

INSERT INTO referencedata.requisition_group_members (requisitiongroupid, facilityid) VALUES (
'e5077535-4cef-45ae-a01c-99c1be8829fa', 'c3c0263f-b671-4e5e-999d-f02ed290cd7b'
),
('e5077535-4cef-45ae-a01c-99c1be8829fa', '19f99865-defa-4161-9389-7ef231bcd626'),
('e5077535-4cef-45ae-a01c-99c1be8829fa', 'bfd37f57-29a5-4e40-87b2-874d228581c4'),
('dc0c57d8-2930-4ffe-951a-16aee0353e93', 'b00b1291-1da2-4807-bbe1-381c0ef61322'),
('dc0c57d8-2930-4ffe-951a-16aee0353e93', '864257ce-d200-44b7-8b65-3b286c6931df'),
('dc0c57d8-2930-4ffe-951a-16aee0353e93', '97b42fd8-b0a1-41fd-8f75-b576203485a1'),
('ad0c99d8-1421-4ffe-951a-16aee0789e00', '76bfd0ec-55c2-4d1b-87c9-97e978b3c6b5'),
('ad0c99d8-1421-4ffe-951a-16aee0789e00', 'b00b1291-1da2-4807-bbe1-381c0ef61322'),
('ad0c99d8-1421-4ffe-951a-16aee0789e00', 'c3c0263f-b671-4e5e-999d-f02ed290cd7b');

INSERT INTO referencedata.supply_lines (id, programid, supervisorynodeid, supplyingfacilityid) VALUES (
'c8ff8b0a-d1e5-44ba-9431-70056e9cc82b', '612fb7b7-e5bf-4de6-8f9b-313961dea46e', '6cf75e80-6405-458c-b49f-001e81411c94', 'c3c0263f-b671-4e5e-999d-f02ed290cd7b'
),
('26ca3e11-44b1-40d7-92f2-e188bc977550', '612fb7b7-e5bf-4de6-8f9b-313961dea46e', '9cf76e20-6405-458c-b49f-001e81411c74', 'b00b1291-1da2-4807-bbe1-381c0ef61322'),
('7094db14-9267-4c66-8ff8-353c3d810d63', '612fb7b7-e5bf-4de6-8f9b-313961dea46e', '7df72e02-7775-778c-b49f-001e81400d77', '76bfd0ec-55c2-4d1b-87c9-97e978b3c6b5');

INSERT INTO referencedata.facility_operators (id, code, displayorder, name) VALUES(
'19dab659-89ff-4bfc-bf2f-3768379a36e3', 'MINSANTE', 1, 'Ministere de la Santé'
);

INSERT INTO stockmanagement.valid_source_assignments (id, facilitytypeid, programid, nodeid) VALUES (
'e22b65cb-6b57-49be-8db1-11907b915984', '3b8f731e-9aa2-4f29-af8c-20d0b7f40999', '612fb7b7-e5bf-4de6-8f9b-313961dea46e', '0ffefea1-5159-4db2-ab26-b36fe4edcc87'
),
('00d7cec3-10a9-4cda-ae52-1e65994dace8', '3b8f731e-9aa2-4f29-af8c-20d0b7f40999', '612fb7b7-e5bf-4de6-8f9b-313961dea46e', '0ffefea1-5159-4db2-ab26-b36fe4edcc87'),
('9f2e2d72-e549-48f4-8677-3f466ca4ba7a', '3b8f731e-9aa2-4f29-af8c-20d0b7f40992', '612fb7b7-e5bf-4de6-8f9b-313961dea46e', '203636ce-f8f2-43af-ba57-4b6d9d8007ab'),
('4d95631f-b879-4a54-a859-251640ec8d89', '3b8f731e-9aa2-4f29-af8c-20d0b7f40992', '612fb7b7-e5bf-4de6-8f9b-313961dea46e', '203636ce-f8f2-43af-ba57-4b6d9d8007ab'),
('4d56211f-b879-4a78-a119-251640ec8d55', 'e2faaa9e-4b2d-4212-bb60-fd62970b2113', '612fb7b7-e5bf-4de6-8f9b-313961dea46e', '12cd32d0-5c40-4759-8e52-874fef01c023'),
('ef707956-059f-4014-848f-b672644ca664', 'e2faaa9e-4b2d-4212-bb60-fd62970b2113', '612fb7b7-e5bf-4de6-8f9b-313961dea46e', '12cd32d0-5c40-4759-8e52-874fef01c023');

INSERT INTO stockmanagement.valid_destination_assignments (id, facilitytypeid, programid, nodeid) VALUES (
'c206cbd2-8943-4d34-85c8-aaa9b863086e', 'e2faaa9e-4b2d-4212-bb60-fd62970b2113', '612fb7b7-e5bf-4de6-8f9b-313961dea46e', '604027de-112c-412d-8251-c9e552cfdb54'
),
('a757fd55-e907-4350-bd52-bdc179a57fc8', 'e2faaa9e-4b2d-4212-bb60-fd62970b2113', '612fb7b7-e5bf-4de6-8f9b-313961dea46e', '8f8638c6-5670-4760-8b2f-a36dcaa1b356'),
('a4809876-3706-457d-a8f4-02ca83759983', 'e2faaa9e-4b2d-4212-bb60-fd62970b2113', '612fb7b7-e5bf-4de6-8f9b-313961dea46e', 'cc483db0-11eb-4ec3-8335-6730bc901c77'),
('98c4488d-1941-4852-9658-0328d4e29ae6', 'e2faaa9e-4b2d-4212-bb60-fd62970b2113', '612fb7b7-e5bf-4de6-8f9b-313961dea46e', '982d8b42-c31d-4eb6-83d3-6fb1d93a415e'),
('f9d79a37-271c-43af-adfc-391443ce2487', 'e2faaa9e-4b2d-4212-bb60-fd62970b2113', '612fb7b7-e5bf-4de6-8f9b-313961dea46e', '0ffefea1-5159-4db2-ab26-b36fe4edcc87'),
('902815fc-adb3-4ab6-a040-62dee5f30366', 'e2faaa9e-4b2d-4212-bb60-fd62970b2113', '612fb7b7-e5bf-4de6-8f9b-313961dea46e', '203636ce-f8f2-43af-ba57-4b6d9d8007ab');