
INSERT INTO referencedata.supervisory_nodes (id, code, name, facilityid, parentid) VALUES (
'6cf75e80-6405-458c-b49f-001e81411c94', 'FR1', 'Point d''approbation centrale commandes programmes palu FRPS Adamaoua', 'c3c0263f-b671-4e5e-999d-f02ed290cd7b', null
),
('7cf75e10-6405-458c-b49f-001e81411c89', 'FR1.1', 'Sous-point d''approbation commandes programmes palu FRPS Adamaoua', 'c3c0263f-b671-4e5e-999d-f02ed290cd7b', '6cf75e80-6405-458c-b49f-001e81411c94'),
('8cf76e80-6405-458c-b49f-001e81411c77', 'FR1.2', 'Sous-point d''approbation commandes programmes palu FRPS Adamaoua 2', 'c3c0263f-b671-4e5e-999d-f02ed290cd7b', '6cf75e80-6405-458c-b49f-001e81411c94'),

('9cf76e20-6405-458c-b49f-001e81411c74', 'FR2', 'Point d''approbation centrale commandes programmes palu FRPS Centre', 'b00b1291-1da2-4807-bbe1-381c0ef61322', null),
('1cf76e30-6405-458c-b49f-001e81411c82', 'FR2.1', 'Sous-point d''approbation centrale commandes programmes palu FRPS Centre', 'b00b1291-1da2-4807-bbe1-381c0ef61322', '9cf76e20-6405-458c-b49f-001e81411c74'),
('2cf76e30-6405-458c-b49f-001e81411c36', 'FR2.2', 'Sous-point d''approbation centrale commandes programmes palu FRPS Centre 2', 'b00b1291-1da2-4807-bbe1-381c0ef61322', '9cf76e20-6405-458c-b49f-001e81411c74'),

('8cf76e33-6405-458c-b49f-001e81478c70', 'FOSA1', 'Point d''approbation centrale commandes programmes palu Ako District Hospital', '864257ce-d200-44b7-8b65-3b286c6931df', null),
('3cf76e10-6405-458c-b41f-001e81411c72', 'FOSA1.1', 'Sous-point d''approbation centrale commandes programmes palu Ako District Hospital', '864257ce-d200-44b7-8b65-3b286c6931df', '8cf76e33-6405-458c-b49f-001e81478c70'),
('5cf76e37-6405-458c-b47f-001e81411c22', 'FOSA1.2', 'Sous-point d''approbation centrale commandes programmes palu Ako District Hospital 2', '864257ce-d200-44b7-8b65-3b286c6931df', '8cf76e33-6405-458c-b49f-001e81478c70'),

('8cf76e08-6405-778c-b49f-001e81478c04', 'FOSA2', 'Point d''approbation centrale commandes programmes palu Akwaya District Hospital', '97b42fd8-b0a1-41fd-8f75-b576203485a1', null),
('3cf76e10-6405-458c-b41f-001e81411c09', 'FOSA2.1', 'Sous-point d''approbation centrale commandes programmes palu Akwaya District Hospital', '97b42fd8-b0a1-41fd-8f75-b576203485a1', '8cf76e08-6405-778c-b49f-001e81478c04'),
('5cf76e07-6405-458c-b47f-001e81411c23', 'FOSA2.2', 'Sous-point d''approbation centrale commandes programmes palu Akwaya District Hospital 2', '97b42fd8-b0a1-41fd-8f75-b576203485a1', '8cf76e08-6405-778c-b49f-001e81478c04'),

('8af76e08-6405-778c-b49f-001e81478c02', 'FOSA3', 'Point d''approbation centrale commandes programmes palu CSI BEKA HOSSERE', '19f99865-defa-4161-9389-7ef231bcd626', null),
('3ef76e10-6405-458c-b42f-001e81411c01', 'FOSA3.1', 'Sous-point d''approbation centrale commandes programmes palu Azire Integrated Health Centre', '19f99865-defa-4161-9389-7ef231bcd626', '8af76e08-6405-778c-b49f-001e81478c02'),
('5cf76e97-6405-458c-b47f-002e81411c20', 'FOSA3.2', 'Sous-point d''approbation centrale commandes programmes palu Azire Integrated Health Centre 2', '19f99865-defa-4161-9389-7ef231bcd626', '8af76e08-6405-778c-b49f-001e81478c02'),

('7bf76e02-6405-778c-b49f-001e81222c09', 'FOSA4', 'Point d''approbation centrale commandes programmes palu Bafmeng Medicalised Health centre', 'bfd37f57-29a5-4e40-87b2-874d228581c4', null),
('6bf76e32-6404-778c-b49f-001e82145c05', 'FOSA4.1', 'Sous-point d''approbation centrale commandes programmes palu Bafmeng Medicalised Health centre', 'bfd37f57-29a5-4e40-87b2-874d228581c4', '7bf76e02-6405-778c-b49f-001e81222c09'),
('6bf76e06-6405-778c-b49f-001e82544c08', 'FOSA4.2', 'Sous-point d''approbation centrale commandes programmes palu Bafmeng Medicalised Health centre 2', 'bfd37f57-29a5-4e40-87b2-874d228581c4', '7bf76e02-6405-778c-b49f-001e81222c09'),

('7df72e02-7775-778c-b49f-001e81400d77', 'CE1', 'Point d''approbation centrale commandes programmes palu CENAME', '76bfd0ec-55c2-4d1b-87c9-97e978b3c6b5', null),
('5df72e55-7525-778c-b49f-001e81470d11', 'CE1.1', 'Sous-point d''approbation centrale commandes programmes palu CENAME', '76bfd0ec-55c2-4d1b-87c9-97e978b3c6b5', '7df72e02-7775-778c-b49f-001e81400d77'),
('7df72e02-6365-778c-b49f-001e81451d58', 'CE1.2', 'Sous-point d''approbation centrale commandes programmes palu CENAME 2', '76bfd0ec-55c2-4d1b-87c9-97e978b3c6b5', '7df72e02-7775-778c-b49f-001e81400d77');

INSERT INTO referencedata.requisition_groups (id, code, description, name, supervisorynodeid) VALUES (
'e5077535-4cef-45ae-a01c-99c1be8829fa', 'GRP1A', '', 'commandes produits programme palu FRPS Adamaoua', '6cf75e80-6405-458c-b49f-001e81411c94'
),
('dc0c57d8-2930-4ffe-951a-16aee0353e93', 'GRP2A', '', 'commandes produits programme palu FRPS Centre', '9cf76e20-6405-458c-b49f-001e81411c74'),
('ad0c99d8-1421-4ffe-951a-16aee0789e00', 'GRP3A', '', 'commandes produits programme palu CENAME', '7df72e02-7775-778c-b49f-001e81400d77'),
('a2321135-4cef-45ae-a01c-99c1be8811ee', 'GRP4A', '', 'commandes produits programme palu FRPS Adamaoua 02', '6cf75e80-6405-458c-b49f-001e81411c94');
INSERT INTO referencedata.requisition_groups (id, code, description, name, supervisorynodeid) VALUES (
'a5077535-4cef-45ae-a01c-99c1be1119fe', 'GRP1C', '', 'commandes produits programme palu Ako', '8cf76e33-6405-458c-b49f-001e81478c70'
),

INSERT INTO referencedata.requisition_group_program_schedules(id, directdelivery, processingscheduleid, programid, requisitiongroupid) VALUES (
'b0cac3da-3b65-4d3b-a1ec-e438a6774bad', true, '569dc468-07fc-4b7b-983c-dd243cd650b2', '612fb7b7-e5bf-4de6-8f9b-313961dea46e', 'e5077535-4cef-45ae-a01c-99c1be8829fa'
),
('47449ae0-e114-4d3d-aaff-7a17badd55b1', true, '569dc468-07fc-4b7b-983c-dd243cd650b2', '612fb7b7-e5bf-4de6-8f9b-313961dea46e', 'dc0c57d8-2930-4ffe-951a-16aee0353e93'),
('52655b11-7ed0-48bc-bec2-a91999011b20', true, '569dc468-07fc-4b7b-983c-dd243cd650b2', '612fb7b7-e5bf-4de6-8f9b-313961dea46e', 'ad0c99d8-1421-4ffe-951a-16aee0789e00'),
('69955b10-7ed0-48bc-bec2-a91999011b77', true, '569dc468-07fc-4b7b-983c-dd243cd650b2', '612fb7b7-e5bf-4de6-8f9b-313961dea46e', 'a2321135-4cef-45ae-a01c-99c1be8811ee');
INSERT INTO referencedata.requisition_group_program_schedules(id, directdelivery, processingscheduleid, programid, requisitiongroupid) VALUES (
'c0cac3da-3b65-4d3b-a1ec-e438a6774fe2', true, '569dc468-07fc-4b7b-983c-dd243cd650b2', '612fb7b7-e5bf-4de6-8f9b-313961dea46e', 'a5077535-4cef-45ae-a01c-99c1be1119fe'
);

INSERT INTO referencedata.requisition_group_members (requisitiongroupid, facilityid) VALUES(
'e5077535-4cef-45ae-a01c-99c1be8829fa', 'c3c0263f-b671-4e5e-999d-f02ed290cd7b'
),
('e5077535-4cef-45ae-a01c-99c1be8829fa', '19f99865-defa-4161-9389-7ef231bcd626'),
('e5077535-4cef-45ae-a01c-99c1be8829fa', 'bfd37f57-29a5-4e40-87b2-874d228581c4'),
('dc0c57d8-2930-4ffe-951a-16aee0353e93', 'b00b1291-1da2-4807-bbe1-381c0ef61322'),
('dc0c57d8-2930-4ffe-951a-16aee0353e93', '864257ce-d200-44b7-8b65-3b286c6931df'),
('dc0c57d8-2930-4ffe-951a-16aee0353e93', '97b42fd8-b0a1-41fd-8f75-b576203485a1'),
('ad0c99d8-1421-4ffe-951a-16aee0789e00', '76bfd0ec-55c2-4d1b-87c9-97e978b3c6b5');
('ad0c99d8-1421-4ffe-951a-16aee0789e00', 'b00b1291-1da2-4807-bbe1-381c0ef61322'),
('ad0c99d8-1421-4ffe-951a-16aee0789e00', 'c3c0263f-b671-4e5e-999d-f02ed290cd7b'),
('a2321135-4cef-45ae-a01c-99c1be8811ee', '9ab5c44f-6d26-48d9-a328-f4d2f3a5a5c3');
INSERT INTO referencedata.requisition_group_members (requisitiongroupid, facilityid) VALUES (
'a5077535-4cef-45ae-a01c-99c1be1119fe', '864257ce-d200-44b7-8b65-3b286c6931df'
);

INSERT INTO referencedata.requisition_group_members (requisitiongroupid, facilityid) VALUES (
'e5077535-4cef-45ae-a01c-99c1be8829fa', '01b0853e-4ba0-44cb-8193-b48aa552a9ae'
),
('e5077535-4cef-45ae-a01c-99c1be8829fa', '9ab5c44f-6d26-48d9-a328-f4d2f3a5a5c3');

INSERT INTO referencedata.supply_lines (id, programid, supervisorynodeid, supplyingfacilityid) VALUES (
'c8ff8b0a-d1e5-44ba-9431-70056e9cc82b', '612fb7b7-e5bf-4de6-8f9b-313961dea46e', '6cf75e80-6405-458c-b49f-001e81411c94', 'c3c0263f-b671-4e5e-999d-f02ed290cd7b'
),
('26ca3e11-44b1-40d7-92f2-e188bc977550', '612fb7b7-e5bf-4de6-8f9b-313961dea46e', '9cf76e20-6405-458c-b49f-001e81411c74', 'b00b1291-1da2-4807-bbe1-381c0ef61322'),
('7094db14-9267-4c66-8ff8-353c3d810d63', '612fb7b7-e5bf-4de6-8f9b-313961dea46e', '7df72e02-7775-778c-b49f-001e81400d77', '76bfd0ec-55c2-4d1b-87c9-97e978b3c6b5');
INSERT INTO referencedata.supply_lines (id, programid, supervisorynodeid, supplyingfacilityid) VALUES (
'a5ff8b0a-d1e5-44ba-9431-70056e9cc8fe', '612fb7b7-e5bf-4de6-8f9b-313961dea46e', '8cf76e33-6405-458c-b49f-001e81478c70', 'b00b1291-1da2-4807-bbe1-381c0ef61322'
);

INSERT INTO referencedata.facility_operators (id, code, displayorder, name) VALUES(
'19dab659-89ff-4bfc-bf2f-3768379a36e3', 'MINSANTE', 1, 'Ministere de la Santé'
);

INSERT INTO stockmanagement.valid_source_assignments (id, facilitytypeid, programid, nodeid) VALUES (
'e22b65cb-6b57-49be-8db1-11907b915984', '3b8f731e-9aa2-4f29-af8c-20d0b7f40999', '612fb7b7-e5bf-4de6-8f9b-313961dea46e', '0ffefea1-5159-4db2-ab26-b36fe4edcc87'
),
('00d7cec3-10a9-4cda-ae52-1e65994dace8', '3b8f731e-9aa2-4f29-af8c-20d0b7f40999', '612fb7b7-e5bf-4de6-8f9b-313961dea46e', '0ffefea1-5159-4db2-ab26-b36fe4edcc87'),
('9f2e2d72-e549-48f4-8677-3f466ca4ba7a', '3b8f731e-9aa2-4f29-af8c-20d0b7f40992', '612fb7b7-e5bf-4de6-8f9b-313961dea46e', '203636ce-f8f2-43af-ba57-4b6d9d8007ab'),
('4d95631f-b879-4a54-a859-251640ec8d89', '3b8f731e-9aa2-4f29-af8c-20d0b7f40992', '612fb7b7-e5bf-4de6-8f9b-313961dea46e', '203636ce-f8f2-43af-ba57-4b6d9d8007ab'),
('4d56211f-b879-4a78-a119-251640ec8d55', 'e2faaa9e-4b2d-4212-bb60-fd62970b2113', '612fb7b7-e5bf-4de6-8f9b-313961dea46e', '12cd32d0-5c40-4759-8e52-874fef01c023'),
('ef707956-059f-4014-848f-b672644ca664', 'e2faaa9e-4b2d-4212-bb60-fd62970b2113', '612fb7b7-e5bf-4de6-8f9b-313961dea46e', '12cd32d0-5c40-4759-8e52-874fef01c023');

INSERT INTO stockmanagement.valid_destination_assignments (id, facilitytypeid, programid, nodeid) VALUES (
'c206cbd2-8943-4d34-85c8-aaa9b863086e', 'e2faaa9e-4b2d-4212-bb60-fd62970b2113', '612fb7b7-e5bf-4de6-8f9b-313961dea46e', '604027de-112c-412d-8251-c9e552cfdb54'
),
('a757fd55-e907-4350-bd52-bdc179a57fc8', 'e2faaa9e-4b2d-4212-bb60-fd62970b2113', '612fb7b7-e5bf-4de6-8f9b-313961dea46e', '8f8638c6-5670-4760-8b2f-a36dcaa1b356'),
('a4809876-3706-457d-a8f4-02ca83759983', 'e2faaa9e-4b2d-4212-bb60-fd62970b2113', '612fb7b7-e5bf-4de6-8f9b-313961dea46e', 'cc483db0-11eb-4ec3-8335-6730bc901c77'),
('98c4488d-1941-4852-9658-0328d4e29ae6', 'e2faaa9e-4b2d-4212-bb60-fd62970b2113', '612fb7b7-e5bf-4de6-8f9b-313961dea46e', '982d8b42-c31d-4eb6-83d3-6fb1d93a415e'),
('f9d79a37-271c-43af-adfc-391443ce2487', 'e2faaa9e-4b2d-4212-bb60-fd62970b2113', '612fb7b7-e5bf-4de6-8f9b-313961dea46e', '0ffefea1-5159-4db2-ab26-b36fe4edcc87'),
('902815fc-adb3-4ab6-a040-62dee5f30366', 'e2faaa9e-4b2d-4212-bb60-fd62970b2113', '612fb7b7-e5bf-4de6-8f9b-313961dea46e', '203636ce-f8f2-43af-ba57-4b6d9d8007ab');

INSERT INTO referencedata.trade_items (id, manufactureroftradeitem) VALUES
('a11b65cb-6b57-49be-8db1-11907b969999', 'Marck1'),
('a19b65cb-6b57-49be-8db1-11907b969999', 'Marck2'),
('a11b35cb-6b57-49be-8db1-11907b969999', 'Marck3'),
('a11b65cb-6b51-49be-8db1-11907b969999', 'Marck4'),
('a11b65cb-6b50-49be-8db1-11907b969999', 'Marck5'),
('a11b65cb-6b57-49be-8db1-11907b911119', 'Marck6'),
('a11b65cb-6b57-49be-8db1-11907b974749', 'Marck7'),
('a11b65cb-6b57-49be-8db1-11907b925899', 'Marck8'),
('a11b65cb-6b57-49be-8db1-11907b989529', 'Marck9'),
('a11b65cb-6b57-49be-8db1-11907b925389', 'Marck10'),
('a11b65cb-6b57-49be-8db1-11907b961749', 'Marck11'),
('a11b65cb-6b57-49be-8db1-11907b962589', 'Marck12'),
('a11b65cb-6b57-49be-8db1-11907b977719', 'Marck13'),
('a11b39cb-6b57-49be-8db1-11907b969299', 'Marck14'),
('a11b60cb-6b57-49be-8db1-11907b962121', 'Marck15'),
('a11b65cb-6b57-49be-8db1-11907b911101', 'Marck16'),
('a11b65cb-6b57-49be-8db1-11907b928974', 'Marck17'),
('a11b65cb-6b57-49be-8db1-11907b936982', 'Marck18'),
('a11b65cb-6b57-49be-8db1-11907b121000', 'Marck19'),
('a11b65cb-6b57-49be-8db1-11907b201874', 'Marck20'),
('a11b65cb-6b57-49be-8db1-11907b900000', 'Marck21'),
('a11b65cb-6b51-49be-8db1-11907b985412', 'Marck22'),
('a11b65cb-6b57-49be-8db0-11907b969999', 'Marck23'),
('a11b65cb-6b57-49be-8db3-11907b969999', 'Marck24'),
('a11b65cb-6b57-49be-8db4-11907b969999', 'Marck25'),
('a11b65cb-6b57-49be-8db5-11907b969999', 'Marck26'),
('a11b65cb-6b57-49be-8db6-11907b969999', 'Marck27'),
('a11b65cb-6b57-49be-8db7-11907b969999', 'Marck28'),
('a11b65cb-6b57-49be-8db8-11907b969999', 'Marck29'),
('a11b65cb-6b57-49be-8db9-11907b969999', 'Marck30'),
('a11b65cb-6b57-49be-1db1-11907b969999', 'Marck31'),
('a11b65cb-6b57-49be-2db1-11907b969999', 'Marck32'),
('a11b65cb-6b57-49be-3db1-11907b969999', 'Marck33'),
('a11b65cb-6b57-49be-4db1-11907b969999', 'Marck34'),
('a11b65cb-6b57-49be-5db1-11907b969999', 'Marck35'),
('a11b65cb-6b57-49be-6db1-11907b969999', 'Marck36'),
('a11b65cb-6b57-49be-7db1-11907b969999', 'Marck37'),
('a11b65cb-6b57-49be-8da1-11907b969999', 'Marck38'),
('a11b65cb-6b57-19be-9db1-11907b969999', 'Marck39'),
('a11b65cb-6b57-29be-8db1-11907b969999', 'Marck40'),
('a11b65cb-6b57-39be-8db1-11907b969999', 'Marck41'),
('a11b65cb-6b57-41be-8db1-11907b969999', 'Marck42'),
('a11b65cb-6b57-42be-8db1-11907b969999', 'Marck43'),
('a11b65cb-6b57-43be-8db1-11907b969999', 'Marck44'),
('a11b65cb-6b57-44be-8db1-11907b969999', 'Marck45'),
('a11b65cb-6b57-45be-8db1-11907b969999', 'Marck46'),
('a11b65cb-6b57-46be-8db1-11907b969999', 'Marck47'),
('a11b65cb-6b57-47be-8db1-11907b969999', 'Marck48'),
('a11b65cb-6b17-48be-8db1-11907b969999', 'Marck49'),
('a11b65cb-6b27-49be-8db1-11907b969999', 'Marck50'),
('a11b65cb-6b27-49be-8db1-11907b969911', 'Marck51'),
('a11b65cb-6b27-49be-8db1-11907b969992', 'Marck52'),
('a11b65cb-6b27-49be-8db1-11907b969993', 'Marck53'),
('a11b65cb-6b27-49be-8db1-11907b969994', 'Marck54');

INSERT INTO referencedata.lots(id, lotcode, expirationdate, manufacturedate, tradeitemid, active) VALUES
('a11b65cb-6b57-49be-8db1-11907b969999', 'Lot 003', '2025-04-25 16:57:09+00', '2021-04-25 16:57:09+00', 'a11b65cb-6b57-49be-8db1-11907b969999', true),
('a01b65cb-6b85-49be-8db1-11907b124111', 'Lot 004', '2026-04-25 16:57:09+00', '2021-04-26 16:57:09+00', 'a19b65cb-6b57-49be-8db1-11907b969999', true),
('a93b11cb-6b57-49be-8db1-11907b777777', 'Lot 005', '2025-04-27 16:57:09+00', '2021-04-27 16:57:09+00', 'a11b35cb-6b57-49be-8db1-11907b969999', true),
('a02b96cb-6b57-49be-8db1-11907b771247', 'Lot 006', '2025-04-28 16:57:09+00', '2021-04-28 16:57:09+00', 'a11b65cb-6b51-49be-8db1-11907b969999', true),
('a62b33cb-6b57-49be-8db1-11907b207841', 'Lot 007', '2025-04-29 16:57:09+00', '2021-04-29 16:57:09+00', 'a11b65cb-6b50-49be-8db1-11907b969999', true),
('a11b68cb-6b57-49be-8db1-11907b201010', 'Lot 008', '2025-04-30 16:57:09+00', '2021-04-30 16:57:09+00', 'a11b65cb-6b57-49be-8db1-11907b911119', true),
('a99b00cb-6b57-49be-8db1-11907b147111', 'Lot 009', '2025-04-30 16:57:09+00', '2021-04-30 16:57:09+00', 'a11b65cb-6b57-49be-8db1-11907b974749', true),
('dc0c57d8-2930-1ffe-951a-16aee0353e93', 'Lot 009', '2025-05-01 16:57:09+00', '2021-05-01 16:57:09+00', 'a11b65cb-6b57-49be-8db1-11907b925899', true),
('dc0c57d8-2930-2ffe-951a-16aee0353e00', 'Lot 010', '2025-05-02 16:57:09+00', '2021-05-02 16:57:09+00', 'a11b65cb-6b57-49be-8db1-11907b989529', true),
('dc0c57d8-2930-3ffe-951a-16aee0353e93', 'Lot 011', '2025-05-03 16:57:09+00', '2021-05-03 16:57:09+00', 'a11b65cb-6b57-49be-8db1-11907b925389', true),
('dc0c57d8-2930-5ffe-951a-16aee0353e93', 'Lot 012', '2025-05-04 16:57:09+00', '2021-05-04 16:57:09+00', 'a11b65cb-6b57-49be-8db1-11907b961749', true),
('dc0c57d8-2930-6ffe-951a-16aee0353e93', 'Lot 013', '2025-05-05 16:57:09+00', '2021-05-05 16:57:09+00', 'a11b65cb-6b57-49be-8db1-11907b962589', true),
('dc0c57d8-2930-7ffe-951a-16aee0353e93', 'Lot 014', '2025-05-06 16:57:09+00', '2021-05-06 16:57:09+00', 'a11b65cb-6b57-49be-8db1-11907b977719', true),
('dc0c57d8-2930-8ffe-951a-16aee0353e93', 'Lot 015', '2025-05-07 16:57:09+00', '2021-05-07 16:57:09+00', 'a11b39cb-6b57-49be-8db1-11907b969299', true),
('dc0c57d8-2930-1ffe-951a-16aee4141e93', 'Lot 016', '2025-05-01 16:57:09+00', '2021-05-01 16:57:09+00', 'a11b60cb-6b57-49be-8db1-11907b962121', true),
('dc0c57d8-2930-2ffe-951a-16aee0313e00', 'Lot 017', '2025-05-02 16:57:09+00', '2021-05-02 16:57:09+00', 'a11b65cb-6b57-49be-8db1-11907b911101', true),
('dc0c57d8-2930-3ffe-951a-16aee0323e93', 'Lot 018', '2025-05-03 16:57:09+00', '2021-05-03 16:57:09+00', 'a11b65cb-6b57-49be-8db1-11907b928974', true),
('dc0c57d8-2930-5ffe-951a-16aee0333e93', 'Lot 019', '2025-05-04 16:57:09+00', '2021-05-04 16:57:09+00', 'a11b65cb-6b57-49be-8db1-11907b936982', true),
('dc0c57d8-2930-6ffe-951a-16aee0343e93', 'Lot 020', '2025-05-05 16:57:09+00', '2021-05-05 16:57:09+00', 'a11b65cb-6b57-49be-8db1-11907b121000', true),
('dc0c57d8-2930-7ffe-951a-16aee0363e93', 'Lot 021', '2025-05-06 16:57:09+00', '2021-05-06 16:57:09+00', 'a11b65cb-6b57-49be-8db1-11907b201874', true),
('dc0c57d8-2930-8ffe-951a-16aee0373e93', 'Lot 022', '2025-05-07 16:57:09+00', '2021-05-07 16:57:09+00', 'a11b65cb-6b57-49be-8db1-11907b900000', true),
('a25b65cb-6b57-49be-8db1-11907b969999', 'Lot 024', '2025-04-25 16:57:09+00', '2021-04-25 16:57:09+00', 'a11b65cb-6b51-49be-8db1-11907b985412', true),
('a02b65cb-6b85-49be-8db1-11907b124111', 'Lot 025', '2026-04-25 16:57:09+00', '2021-04-26 16:57:09+00', 'a11b65cb-6b57-49be-8db0-11907b969999', true),
('a77b11cb-6b57-49be-8db1-11907b777777', 'Lot 026', '2025-04-27 16:57:09+00', '2021-04-27 16:57:09+00', 'a11b65cb-6b57-49be-8db3-11907b969999', true),
('a03b96cb-6b57-49be-8db1-11907b771247', 'Lot 027', '2025-04-28 16:57:09+00', '2021-04-28 16:57:09+00', 'a11b65cb-6b57-49be-8db4-11907b969999', true),
('a64b33cb-6b57-49be-8db1-11907b207841', 'Lot 028', '2025-04-29 16:57:09+00', '2021-04-29 16:57:09+00', 'a11b65cb-6b57-49be-8db5-11907b969999', true),
('a15b68cb-6b57-49be-8db1-11907b201010', 'Lot 029', '2025-04-30 16:57:09+00', '2021-04-30 16:57:09+00', 'a11b65cb-6b57-49be-8db6-11907b969999', true),
('a96b00cb-6b57-49be-8db1-11907b147111', 'Lot 030', '2025-04-30 16:57:09+00', '2021-04-30 16:57:09+00', 'a11b65cb-6b57-49be-8db7-11907b969999', true),
('dc7c57d8-2930-1ffe-951a-16aee0353e93', 'Lot 031', '2025-05-01 16:57:09+00', '2021-05-01 16:57:09+00', 'a11b65cb-6b57-49be-8db8-11907b969999', true),
('dc8c57d8-2930-2ffe-951a-16aee0353e00', 'Lot 032', '2025-05-02 16:57:09+00', '2021-05-02 16:57:09+00', 'a11b65cb-6b57-49be-8db9-11907b969999', true),
('dc9c57d8-2930-3ffe-951a-16aee0353e93', 'Lot 033', '2025-05-03 16:57:09+00', '2021-05-03 16:57:09+00', 'a11b65cb-6b57-49be-1db1-11907b969999', true),
('dc0c57d1-2930-5ffe-951a-16aee0353e93', 'Lot 034', '2025-05-04 16:57:09+00', '2021-05-04 16:57:09+00', 'a11b65cb-6b57-49be-2db1-11907b969999', true),
('dc0c57d2-2930-6ffe-951a-16aee0353e93', 'Lot 035', '2025-05-05 16:57:09+00', '2021-05-05 16:57:09+00', 'a11b65cb-6b57-49be-3db1-11907b969999', true),
('dc0c57d3-2930-7ffe-951a-16aee0353e93', 'Lot 036', '2025-05-06 16:57:09+00', '2021-05-06 16:57:09+00', 'a11b65cb-6b57-49be-4db1-11907b969999', true),
('dc0c57d4-2930-8ffe-951a-16aee0353e93', 'Lot 037', '2025-05-07 16:57:09+00', '2021-05-07 16:57:09+00', 'a11b65cb-6b57-49be-5db1-11907b969999', true),
('dc0c57d5-2930-1ffe-951a-16aee4141e93', 'Lot 038', '2025-05-01 16:57:09+00', '2021-05-01 16:57:09+00', 'a11b65cb-6b57-49be-6db1-11907b969999', true),
('dc0c57d6-2930-2ffe-951a-16aee0313e00', 'Lot 039', '2025-05-02 16:57:09+00', '2021-05-02 16:57:09+00', 'a11b65cb-6b57-49be-7db1-11907b969999', true),
('dc0c57d7-2930-3ffe-951a-16aee0323e93', 'Lot 040', '2025-05-03 16:57:09+00', '2021-05-03 16:57:09+00', 'a11b65cb-6b57-49be-8da1-11907b969999', true),
('dc0c12d8-2930-5ffe-951a-16aee0333e93', 'Lot 041', '2025-05-04 16:57:09+00', '2021-05-04 16:57:09+00', 'a11b65cb-6b57-19be-9db1-11907b969999', true),
('dc0c44d8-2930-6ffe-951a-16aee0343e93', 'Lot 042', '2025-05-05 16:57:09+00', '2021-05-05 16:57:09+00', 'a11b65cb-6b57-29be-8db1-11907b969999', true),
('dc0c85d8-2930-7ffe-951a-16aee0363e93', 'Lot 043', '2025-05-06 16:57:09+00', '2021-05-06 16:57:09+00', 'a11b65cb-6b57-39be-8db1-11907b969999', true),
('dc0c44d2-2931-8ffe-951a-16aee0373e93', 'Lot 044', '2025-05-07 16:57:09+00', '2021-05-07 16:57:09+00', 'a11b65cb-6b57-41be-8db1-11907b969999', true),
('dc0c44d2-2932-8ffe-951a-16aee0373e93', 'Lot 045', '2025-05-07 16:57:09+00', '2021-05-07 16:57:09+00', 'a11b65cb-6b57-42be-8db1-11907b969999', true),
('dc0c44d2-2933-8ffe-951a-16aee0373e93', 'Lot 046', '2025-05-07 16:57:09+00', '2021-05-07 16:57:09+00', 'a11b65cb-6b57-43be-8db1-11907b969999', true),
('dc0c44d2-2934-8ffe-951a-16aee0373e93', 'Lot 047', '2025-05-07 16:57:09+00', '2021-05-07 16:57:09+00', 'a11b65cb-6b57-44be-8db1-11907b969999', true),
('dc0c44d2-2935-8ffe-951a-16aee0373e93', 'Lot 048', '2025-05-07 16:57:09+00', '2021-05-07 16:57:09+00', 'a11b65cb-6b57-45be-8db1-11907b969999', true),
('dc0c44d2-2936-8ffe-951a-16aee0373e93', 'Lot 049', '2025-05-07 16:57:09+00', '2021-05-07 16:57:09+00', 'a11b65cb-6b57-46be-8db1-11907b969999', true),
('dc0c44d2-2937-8ffe-951a-16aee0373e93', 'Lot 050', '2025-05-07 16:57:09+00', '2021-05-07 16:57:09+00', 'a11b65cb-6b57-47be-8db1-11907b969999', true),
('dc0c44d2-2120-8ffe-951a-16aee0373e93', 'Lot 051', '2025-05-07 16:57:09+00', '2021-05-07 16:57:09+00', 'a11b65cb-6b17-48be-8db1-11907b969999', true),
('dc0c44d2-7770-8ffe-951a-16aee0373e93', 'Lot 052', '2025-05-07 16:57:09+00', '2021-05-07 16:57:09+00', 'a11b65cb-6b27-49be-8db1-11907b969999', true),
('a25b65cb-6b57-49be-8db1-11907b555555', 'Lot 053', '2025-04-25 16:57:09+00', '2021-04-25 16:57:09+00', 'a11b65cb-6b27-49be-8db1-11907b969911', true),
('a02b65cb-6b85-49be-8db1-11907b369632', 'Lot 054', '2026-04-25 16:57:09+00', '2021-04-26 16:57:09+00', 'a11b65cb-6b27-49be-8db1-11907b969992', true),
('dc0c44d2-7790-8ffe-951a-16aee0412555', 'Lot 055', '2025-05-07 16:57:09+00', '2021-05-07 16:57:09+00', 'a11b65cb-6b27-49be-8db1-11907b969993', true),
('dc0c44d0-7790-8ffe-951a-16aee0879685', 'Lot 056', '2025-05-07 16:57:09+00', '2021-05-07 16:57:09+00', 'a11b65cb-6b27-49be-8db1-11907b969994', true);

INSERT INTO referencedata.orderable_identifiers (key, value, orderableid, orderableversionnumber) VALUES
('tradeItem', 'a11b65cb-6b57-49be-8db1-11907b969999', '7b94ab91-c847-49d6-8b74-b462c503c20e', 4),
('tradeItem', 'a19b65cb-6b57-49be-8db1-11907b969999', 'be9c5200-2e69-4980-878c-d835f720bad7', 4),
('tradeItem', 'a11b35cb-6b57-49be-8db1-11907b969999', '9109a1de-5bdf-469e-8ea8-d0a57c6c89f4', 4),
('tradeItem', 'a11b65cb-6b51-49be-8db1-11907b969999', '60b52a82-e0ae-4816-994c-98a9f4256e75', 4),
('tradeItem', 'a11b65cb-6b50-49be-8db1-11907b969999', 'e429dc5e-5fd1-414c-b206-7add91fd70c7', 3),
('tradeItem', 'a11b65cb-6b57-49be-8db1-11907b911119', '03bdeae3-29d4-4bd1-8b9a-d92295967e66', 4),
('tradeItem', 'a11b65cb-6b57-49be-8db1-11907b974749', '7461c763-6ecf-42b3-a145-beacdd1f94c8', 3),
('tradeItem', 'a11b65cb-6b57-49be-8db1-11907b925899', 'd5f1d4d4-d8cf-45cd-ac97-36189a7a6f4e', 5),
('tradeItem', 'a11b65cb-6b57-49be-8db1-11907b989529', '76b58f41-757f-485b-86fb-f18da9816f76', 3),
('tradeItem', 'a11b65cb-6b57-49be-8db1-11907b925389', 'afc8ae31-a1ac-4df2-8787-e35e9b8442bf', 3),
('tradeItem', 'a11b65cb-6b57-49be-8db1-11907b961749', '786afc40-c654-47cb-9d6e-94a30eeb8974', 3),
('tradeItem', 'a11b65cb-6b57-49be-8db1-11907b962589', 'e9d68dbc-de0b-408f-bbc2-9856dff49b76', 3),
('tradeItem', 'a11b65cb-6b57-49be-8db1-11907b977719', '032fba33-0211-41ae-acb7-6e19d788c502', 3),
('tradeItem', 'a11b39cb-6b57-49be-8db1-11907b969299', 'ce4fd370-19c6-49c5-98b6-8eeccbe6b0ea', 4),
('tradeItem', 'a11b60cb-6b57-49be-8db1-11907b962121', '71051091-d2e4-4534-8557-e9418b133fc1', 3),
('tradeItem', 'a11b65cb-6b57-49be-8db1-11907b911101', '5ebc5b85-af83-4308-9524-8c8fb7eb0e86', 3),
('tradeItem', 'a11b65cb-6b57-49be-8db1-11907b928974', '0cae643b-be36-4ab4-ab49-049300973267', 3),
('tradeItem', 'a11b65cb-6b57-49be-8db1-11907b936982', '32c1f3ca-3490-451c-8958-755da8524c8b', 3),
('tradeItem', 'a11b65cb-6b57-49be-8db1-11907b121000', 'e77aed1f-cd8b-469d-8049-ec8811bcd2e9', 3),
('tradeItem', 'a11b65cb-6b57-49be-8db1-11907b201874', 'c084a7df-693d-4a0a-b456-8d44d5a12479', 3),
('tradeItem', 'a11b65cb-6b57-49be-8db1-11907b900000', 'b68c7037-a570-49f1-a830-442ef47930c2', 3);
('tradeItem', 'a11b65cb-6b51-49be-8db1-11907b985412', '23e23e6a-8c31-4293-92d6-4659b222c026', 3),
('tradeItem', 'a11b65cb-6b57-49be-8db0-11907b969999', '1ed3340e-4c4d-4230-bfe2-0df8e9136961', 3),
('tradeItem', 'a11b65cb-6b57-49be-8db3-11907b969999', '9b81c7e2-798f-481d-8031-f71e8f52d222', 3),
('tradeItem', 'a11b65cb-6b57-49be-8db4-11907b969999', '803f126c-ab1e-4b46-935f-dcb809621de7', 3),
('tradeItem', 'a11b65cb-6b57-49be-8db5-11907b969999', '75867171-f44c-4ebb-80c0-6fad3cda5e3e', 3),
-- ('tradeItem', 'a11b65cb-6b57-49be-8db6-11907b969999', 'Herman na pas cree le produit', 3),
('tradeItem', 'a11b65cb-6b57-49be-8db7-11907b969999', 'fa2c0f12-00f7-4152-876b-9b3a9aeb3e51', 3),
('tradeItem', 'a11b65cb-6b57-49be-8db8-11907b969999', 'fa3afae4-2329-42cc-a5bd-672c899c5fb2', 3),
('tradeItem', 'a11b65cb-6b57-49be-8db9-11907b969999', '668a1fe2-81e0-434a-af8a-de952666e3ab', 3),
('tradeItem', 'a11b65cb-6b57-49be-1db1-11907b969999', '42c3b80f-10ca-480c-9a74-ffee4c64bca7', 3),
('tradeItem', 'a11b65cb-6b57-49be-2db1-11907b969999', '63e92049-643c-4ef0-a637-9e080f604630', 3),
('tradeItem', 'a11b65cb-6b57-49be-3db1-11907b969999', '307a98c2-a2e1-4548-ac6b-00d307c4c256', 3),
-- ('tradeItem', 'a11b65cb-6b57-49be-4db1-11907b969999', 'Herman na pas cree le produit', 3),
('tradeItem', 'a11b65cb-6b57-49be-5db1-11907b969999', '66398a5e-548a-4c26-a686-2a17fe25f051', 3),
('tradeItem', 'a11b65cb-6b57-49be-6db1-11907b969999', '67fc2990-8a4d-4086-acec-d2d2507b498f', 3),
('tradeItem', 'a11b65cb-6b57-49be-7db1-11907b969999', 'df90d83e-26a7-4d41-8ff3-d597f08a885a', 3),
('tradeItem', 'a11b65cb-6b57-49be-8da1-11907b969999', 'bdc5df61-a9d2-4e1e-ad89-1c93949ff180', 3),
('tradeItem', 'a11b65cb-6b57-19be-9db1-11907b969999', 'd2600a78-784a-4d86-8618-51640037626b', 3),
('tradeItem', 'a11b65cb-6b57-29be-8db1-11907b969999', '2fac143a-a9c8-4904-9099-538c88683ff3', 3),
-- ('tradeItem', 'a11b65cb-6b57-39be-8db1-11907b969999', 'Herman na pas cree le produit', 3),
INSERT INTO referencedata.orderable_identifiers (key, value, orderableid, orderableversionnumber) VALUES
('tradeItem', 'a11b65cb-6b57-41be-8db1-11907b969999', 'b7eb4b97-53f5-4baa-b716-bc727ba5b572', 3),
('tradeItem', 'a11b65cb-6b57-42be-8db1-11907b969999', '0678c808-029a-443f-b2d7-b2fe1411d444', 3),
('tradeItem', 'a11b65cb-6b57-43be-8db1-11907b969999', '5496f343-5adb-4e5e-b845-3d2cd741587c', 3),
('tradeItem', 'a11b65cb-6b57-44be-8db1-11907b969999', '7becaac4-ac03-46cc-90d0-a66bc9a4af35', 3),
('tradeItem', 'a11b65cb-6b57-45be-8db1-11907b969999', '861e0e19-d114-4584-95af-7a7df6981376', 3),
('tradeItem', 'a11b65cb-6b57-46be-8db1-11907b969999', '8307dcdd-8ac6-48a9-86ce-1f39e6531b1e', 3),
-- ('tradeItem', 'a11b65cb-6b57-47be-8db1-11907b969999', 'Herman na pas cree le produit', 3),
('tradeItem', 'a11b65cb-6b17-48be-8db1-11907b969999', '60aa8074-6cc9-4497-bea2-94a283e70515', 3),
('tradeItem', 'a11b65cb-6b27-49be-8db1-11907b969999', 'a8877924-178a-428d-a401-459eb4853b3d', 3),
('tradeItem', 'a11b65cb-6b27-49be-8db1-11907b969911', '79283814-9496-4bdc-ba70-89d99a0f954d', 3),
('tradeItem', 'a11b65cb-6b27-49be-8db1-11907b969992', '7103205e-bb2e-48cd-abc5-5e9728236c4a', 3),
('tradeItem', 'a11b65cb-6b27-49be-8db1-11907b969993', '7b3f06e6-f71d-43c0-9038-87dc10613ec7', 3),
('tradeItem', 'a11b65cb-6b27-49be-8db1-11907b969994', '55434083-9c50-46d1-99ed-1c01519da83b', 3);